Model,R2/Accuracy
Goals_Scored,0.7506992742809165
Goals_Against,0.8244001706388571
Result_Prediction,0.7661870503597122
